{"cameraMode":{"drawMode":0,"name":"Shaded","section":"Shading Mode"},"sceneLighting":false,"audioPlay":false,"sceneViewState":{"showFog":true,"showMaterialUpdate":false,"showSkybox":false,"showFlares":true,"showImageEffects":true,"showParticleSystems":true},"in2DMode":false,"pivot":{"x":0.0,"y":0.8500000238418579,"z":5.960464477539063e-8},"rotation":{"x":0.03776540234684944,"y":0.505908727645874,"z":-0.022178469225764276,"w":0.8614797592163086},"size":4.578564643859863,"orthographic":false}